source_code,unit_tests
,"import pytest
import numpy as np

def test_ci_func():
    # Define a mock for atm2lnd_inst
    atm2lnd_inst = {
        'forc_pbot_downscaled_col': np.array([1.0])
    }

    # Define a mock for photosyns_inst
    photosyns_inst = {
        'c3flag_patch': np.array([True]),
        'itype': np.array([1]),
        'medlynslope': np.array([1.0]),
        'medlynintercept': np.array([1.0]),
        'stomatalcond_mtd': 'stomatalcond_mtd_medlyn2011',
        'ac_patch': np.zeros((1, 1)),
        'aj_patch': np.zeros((1, 1)),
        'ap_patch': np.zeros((1, 1)),
        'ag_patch': np.zeros((1, 1)),
        'an_patch': np.zeros((1, 1)),
        'vcmax_z_patch': np.array([[1.0]]),
        'cp_patch': np.array([1.0]),
        'kc_patch': np.array([1.0]),
        'ko_patch': np.array([1.0]),
        'qe_patch': np.array([1.0]),
        'tpu_z_patch': np.array([[1.0]]),
        'kp_z_patch': np.array([[1.0]]),
        'bbb_patch': np.array([1.0]),
        'mbb_patch': np.array([1.0]),
        'theta_cj': np.array([1.0]),
        'theta_ip': 1.0,
        'max_cs': 1.0,
        'stomatalcond_mtd_medlyn2011': 'stomatalcond_mtd_medlyn2011',
        'stomatalcond_mtd_bb1987': 'stomatalcond_mtd_bb1987'
    }

    # Call the function with test inputs
    fval, gs_mol = ci_func(1.0, 1.0, 1.0, 1.0, 1.0, 1.0, 1.0, 1.0, 0, 0, 0, atm2lnd_inst, photosyns_inst)

    # Assert the expected outputs
    assert fval is not None
    assert gs_mol is not None

def test_ci_func_with_c4_photosynthesis():
    # Similar to the previous test, but with 'c3flag_patch' set to False to test the C4 photosynthesis path
    # Define the mocks for atm2lnd_inst and photosyns_inst similar to the previous test
    # but with 'c3flag_patch' set to False
    atm2lnd_inst = {
        'forc_pbot_downscaled_col': np.array([1.0])
    }

    photosyns_inst = {
        'c3flag_patch': np.array([False]),
        'itype': np.array([1]),
        'medlynslope': np.array([1.0]),
        'medlynintercept': np.array([1.0]),
        'stomatalcond_mtd': 'stomatalcond_mtd_medlyn2011',
        'ac_patch': np.zeros((1, 1)),
        'aj_patch': np.zeros((1, 1)),
        'ap_patch': np.zeros((1, 1)),
        'ag_patch': np.zeros((1, 1)),
        'an_patch': np.zeros((1, 1)),
        'vcmax_z_patch': np.array([[1.0]]),
        'cp_patch': np.array([1.0]),
        'kc_patch': np.array([1.0]),
        'ko_patch': np.array([1.0]),
        'qe_patch': np.array([1.0]),
        'tpu_z_patch': np.array([[1.0]]),
        'kp_z_patch': np.array([[1.0]]),
        'bbb_patch': np.array([1.0]),
        'mbb_patch': np.array([1.0]),
        'theta_cj': np.array([1.0]),
        'theta_ip': 1.0,
        'max_cs': 1.0,
        'stomatalcond_mtd_medlyn2011': 'stomatalcond_mtd_medlyn2011',
        'stomatalcond_mtd_bb1987': 'stomatalcond_mtd_bb1987'
    }

    # Call the function with test inputs
    fval, gs_mol = ci_func(1.0, 1.0, 1.0, 1.0, 1.0, 1.0, 1.0, 1.0, 0, 0, 0, atm2lnd_inst, photosyns_inst)

    # Assert the expected outputs
    assert fval is not None
    assert gs_mol is not None

def test_ci_func_with_negative_net_photosynthesis():
    # Similar to the previous tests, but with inputs that result in negative net photosynthesis
    # Define the mocks for atm2lnd_inst and photosyns_inst similar to the previous tests
    # but with inputs that result in negative net photosynthesis
    atm2lnd_inst = {
        'forc_pbot_downscaled_col': np.array([1.0])
    }

    photosyns_inst = {
        'c3flag_patch': np.array([True]),
        'itype': np.array([1]),
        'medlynslope': np.array([1.0]),
        'medlynintercept': np.array([1.0]),
        'stomatalcond_mtd': 'stomatalcond_mtd_medlyn2011',
        'ac_patch': np.zeros((1, 1)),
        'aj_patch': np.zeros((1, 1)),
        'ap_patch': np.zeros((1, 1)),
        'ag_patch': np.zeros((1, 1)),
        'an_patch': np.zeros((1, 1)),
        'vcmax_z_patch': np.array([[0.0]]),  # Set to 0 to result in negative net photosynthesis
        'cp_patch': np.array([1.0]),
        'kc_patch': np.array([1.0]),
        'ko_patch': np.array([1.0]),
        'qe_patch': np.array([1.0]),
        'tpu_z_patch': np.array([[1.0]]),
        'kp_z_patch': np.array([[1.0]]),
        'bbb_patch': np.array([1.0]),
        'mbb_patch': np.array([1.0]),
        'theta_cj': np.array([1.0]),
        'theta_ip': 1.0,
        'max_cs': 1.0,
        'stomatalcond_mtd_medlyn2011': 'stomatalcond_mtd_medlyn2011',
        'stomatalcond_mtd_bb1987': 'stomatalcond_mtd_bb1987'
    }

    # Call the function with test inputs
    fval, gs_mol = ci_func(1.0, 1.0, 1.0, 1.0, 1.0, 1.0, 1.0, 1.0, 0, 0, 0, atm2lnd_inst, photosyns_inst)

    # Assert the expected outputs
    assert fval == 0
    assert gs_mol is None"
